population,cohort_year,n,positives,ap_A_ratios,auc_A_ratios,brier_A_ratios,cal_int_A_ratios,cal_slope_A_ratios,precision@25_A_ratios,recall@25_A_ratios,lift@25_A_ratios,precision@50_A_ratios,recall@50_A_ratios,lift@50_A_ratios,precision@100_A_ratios,recall@100_A_ratios,lift@100_A_ratios,precision@250_A_ratios,recall@250_A_ratios,lift@250_A_ratios,precision@top1pct_A_ratios,recall@top1pct_A_ratios,lift@top1pct_A_ratios,ap_B_text,auc_B_text,brier_B_text,cal_int_B_text,cal_slope_B_text,precision@25_B_text,recall@25_B_text,lift@25_B_text,precision@50_B_text,recall@50_B_text,lift@50_B_text,precision@100_B_text,recall@100_B_text,lift@100_B_text,precision@250_B_text,recall@250_B_text,lift@250_B_text,precision@top1pct_B_text,recall@top1pct_B_text,lift@top1pct_B_text,ap_C_combined,auc_C_combined,brier_C_combined,cal_int_C_combined,cal_slope_C_combined,precision@25_C_combined,recall@25_C_combined,lift@25_C_combined,precision@50_C_combined,recall@50_C_combined,lift@50_C_combined,precision@100_C_combined,recall@100_C_combined,lift@100_C_combined,precision@250_C_combined,recall@250_C_combined,lift@250_C_combined,precision@top1pct_C_combined,recall@top1pct_C_combined,lift@top1pct_C_combined,delta_B_text_vs_A_ratios,relative_B_text_vs_A_ratios,ci_lo_B_text_vs_A_ratios,ci_hi_B_text_vs_A_ratios,p_gt0_B_text_vs_A_ratios,delta_C_combined_vs_A_ratios,relative_C_combined_vs_A_ratios,ci_lo_C_combined_vs_A_ratios,ci_hi_C_combined_vs_A_ratios,p_gt0_C_combined_vs_A_ratios,delta_C_combined_vs_B_text,relative_C_combined_vs_B_text,ci_lo_C_combined_vs_B_text,ci_hi_C_combined_vs_B_text,p_gt0_C_combined_vs_B_text
B,2013,5048,16,0.01467090757167941,0.8315654809220986,0.21639085004851993,-5.812064679250929,0.6585868570028348,0.0,0.0,0.0,0.0,0.0,0.0,0.0,0.0,0.0,0.02,0.3125,6.31,0.0,0.0,0.0,0.023872031697392042,0.8705658783783784,0.0057917221412289565,-2.7218393728799097,1.0067601149231338,0.0,0.0,0.0,0.02,0.0625,6.31,0.03,0.1875,9.465,0.032,0.5,10.096,0.02,0.0625,6.31,0.04414186250296747,0.8931836248012718,0.007090939944035563,-2.86959822092943,0.9838693128854133,0.08,0.125,25.24,0.08,0.25,25.24,0.04,0.25,12.62,0.032,0.5,10.096,0.08,0.25,25.24,0.009201124125712631,0.6271680249335357,-0.0025303705627468904,0.030399019739603853,0.942,0.02947095493128806,2.0088024402920057,0.005813299640912532,0.10303572546010044,0.9985,0.02026983080557543,0.8491037152815885,-0.0004197914291788562,0.08781875301656714,0.9715
B,2014,5060,32,0.014539273213836496,0.6815458432776451,0.1970724937637888,-4.913381964858143,0.41967479126576224,0.0,0.0,0.0,0.02,0.03125,3.1625,0.02,0.0625,3.1625,0.024,0.1875,3.795,0.0196078431372549,0.03125,3.1004901960784315,0.04786685843771875,0.8125435063643596,0.0075468830411171564,-1.4135108517047792,1.1040614662530575,0.12,0.09375,18.974999999999998,0.08,0.125,12.65,0.07,0.21875,11.068750000000001,0.048,0.375,7.59,0.0784313725490196,0.125,12.401960784313726,0.031155692865943937,0.7961664677804297,0.008551708737297764,-2.2803975018300817,0.7896886509218022,0.0,0.0,0.0,0.04,0.0625,6.325,0.05,0.15625,7.906250000000001,0.04,0.3125,6.325,0.0392156862745098,0.0625,6.200980392156863,0.03332758522388225,2.2922456118484384,0.0056942759021983355,0.09585129128002205,0.9945,0.01661641965210744,1.1428645302774971,0.005106873996350429,0.040124112294412866,0.9985,-0.01671116557177481,-0.3491176592154736,-0.06547142820289853,0.004462795740886218,0.0615
B,2015,4990,36,0.01700315633381085,0.74808796483201,0.21933960490632165,-4.907712662234123,0.7671295073012924,0.0,0.0,0.0,0.0,0.0,0.0,0.01,0.027777777777777776,1.386111111111111,0.024,0.16666666666666666,3.3266666666666667,0.0,0.0,0.0,0.047702592826398243,0.8100356614183825,0.008887720002340515,-2.1150534604085487,0.5480823822819706,0.04,0.027777777777777776,5.544444444444444,0.08,0.1111111111111111,11.088888888888889,0.09,0.25,12.475,0.052,0.3611111111111111,7.207777777777777,0.08,0.1111111111111111,11.088888888888889,0.05346135279386971,0.858587897546315,0.008437758426436496,-1.7891726108263961,0.6438363290326745,0.04,0.027777777777777776,5.544444444444444,0.1,0.1388888888888889,13.861111111111112,0.07,0.19444444444444445,9.70277777777778,0.06,0.4166666666666667,8.316666666666666,0.1,0.1388888888888889,13.861111111111112,0.030699436492587395,1.8055139816330121,0.008239536521290298,0.07848726628194716,0.998,0.036458196460058864,2.1442016849284378,0.015496916590655772,0.08050179461525679,0.9995,0.005758759967471466,0.12072215840403151,-0.01678010477512198,0.029909821209595934,0.687
B,2016,4553,44,0.06012309795709529,0.7831055061593983,0.23072824796589386,-4.8677244635004975,1.0586860472060566,0.16,0.09090909090909091,16.55636363636364,0.16,0.18181818181818182,16.55636363636364,0.1,0.22727272727272727,10.347727272727273,0.056,0.3181818181818182,5.794727272727273,0.17391304347826086,0.18181818181818182,17.99604743083004,0.1359833948242025,0.9024476299925401,0.013404215030631975,-1.7712983716652144,1.1130979075846064,0.2,0.11363636363636363,20.695454545454545,0.2,0.22727272727272727,20.695454545454545,0.19,0.4318181818181818,19.660681818181818,0.112,0.6363636363636364,11.589454545454545,0.1956521739130435,0.20454545454545456,20.245553359683797,0.15331580644518644,0.878450170366338,0.009835686488282801,-1.3163904339504255,0.7687688484575141,0.32,0.18181818181818182,33.11272727272728,0.26,0.29545454545454547,26.90409090909091,0.17,0.38636363636363635,17.591136363636366,0.092,0.5227272727272727,9.51990909090909,0.2391304347826087,0.25,24.744565217391305,0.0758602968671072,1.2617496344124217,0.02510996641861926,0.1402743462377509,0.9975,0.09319270848809115,1.550031712514129,0.0417199434322448,0.17732748046326274,0.9995,0.01733241162098395,0.12745976553527774,-0.01275566731091764,0.07083421871989781,0.845
B,2017,4492,27,0.014575514347037764,0.6940483596698602,0.22186492819768053,-5.056895093032164,0.5730636618239355,0.0,0.0,0.0,0.0,0.0,0.0,0.03,0.1111111111111111,4.991111111111111,0.02,0.18518518518518517,3.3274074074074074,0.0,0.0,0.0,0.03596812653918332,0.860495209655344,0.1596153786511947,-4.55118190727725,2.3577790947399886,0.04,0.037037037037037035,6.654814814814815,0.04,0.07407407407407407,6.654814814814815,0.04,0.14814814814814814,6.654814814814815,0.032,0.2962962962962963,5.3238518518518525,0.044444444444444446,0.07407407407407407,7.394238683127573,0.07942432516880085,0.851022354941728,0.05910752774050822,-3.9503073514849176,1.0826421970457996,0.16,0.14814814814814814,26.61925925925926,0.08,0.14814814814814814,13.30962962962963,0.07,0.25925925925925924,11.645925925925928,0.04,0.37037037037037035,6.654814814814815,0.08888888888888889,0.14814814814814814,14.788477366255146,0.021392612192145555,1.4677089043168658,0.007972833343320976,0.05900647133308711,1.0,0.06484881082176308,4.449161057218029,0.019840947468483843,0.19067856980636672,1.0,0.04345619862961753,1.2081863252531873,0.004004584498196651,0.14352088833656437,0.988
B,2018,4350,25,0.03121723894789283,0.836642774566474,0.2211553232992588,-5.402886003925208,1.1931335841175081,0.04,0.04,6.96,0.04,0.08,6.96,0.05,0.2,8.700000000000001,0.036,0.36,6.263999999999999,0.022727272727272728,0.04,3.9545454545454546,0.12788224355720657,0.8994682080924855,0.0057801597138531936,-0.6947111838173073,0.9648357483389512,0.16,0.16,27.84,0.18,0.36,31.32,0.12,0.48,20.88,0.068,0.68,11.832,0.20454545454545456,0.36,35.59090909090909,0.14848685421655308,0.9234312138728323,0.005601262794082036,-0.6089040898185025,0.9785724396529241,0.16,0.16,27.84,0.18,0.36,31.32,0.14,0.56,24.360000000000003,0.068,0.68,11.832,0.18181818181818182,0.32,31.636363636363637,0.09666500460931374,3.0965264023081915,0.0312511584553044,0.2138868109361311,0.999,0.11726961526866025,3.7565658982334815,0.043191104850139765,0.26003256681201686,1.0,0.020604610659346517,0.16112174830690468,-0.009745333311379892,0.07373671425969655,0.9255
B,2019,4240,45,0.09013391835496488,0.7539610647596344,0.21112016475123152,-4.62509269133286,0.9782304334137581,0.16,0.08888888888888889,15.075555555555557,0.14,0.15555555555555556,13.191111111111113,0.08,0.17777777777777778,7.537777777777778,0.06,0.3333333333333333,5.653333333333333,0.11904761904761904,0.1111111111111111,11.216931216931217,0.1577345327002922,0.8738710104621904,0.010171913244014234,-0.7972174094127864,0.823451062854838,0.2,0.1111111111111111,18.844444444444445,0.2,0.2222222222222222,18.844444444444445,0.16,0.35555555555555557,15.075555555555557,0.096,0.5333333333333333,9.045333333333334,0.21428571428571427,0.2,20.19047619047619,0.23837291915742706,0.8475327771156138,0.04796965135993493,-3.0802686101385195,1.2579494652396679,0.36,0.2,33.92,0.26,0.28888888888888886,24.49777777777778,0.19,0.4222222222222222,17.902222222222225,0.1,0.5555555555555556,9.422222222222222,0.2857142857142857,0.26666666666666666,26.92063492063492,0.06760061434532731,0.7500019479803702,-0.04067554995427897,0.17798209146179944,0.8935,0.14823900080246216,1.6446527956176074,0.05789312629945485,0.24423767088735432,1.0,0.08063838645713486,0.5112284867281031,-0.008362578627079969,0.17950020214743753,0.96
B,2020,4111,45,0.03319837135570874,0.7971306771601903,0.22327661992500264,-4.606024350292423,0.9141815209050443,0.0,0.0,0.0,0.02,0.022222222222222223,1.8271111111111114,0.05,0.1111111111111111,4.567777777777779,0.032,0.17777777777777778,2.923377777777778,0.024390243902439025,0.022222222222222223,2.2281842818428186,0.35328447456575157,0.9390063944909002,0.00985861699055121,-1.0788713485618346,0.9973014944867561,0.48,0.26666666666666666,43.85066666666667,0.36,0.4,32.888,0.25,0.5555555555555556,22.83888888888889,0.132,0.7333333333333333,12.058933333333334,0.3902439024390244,0.35555555555555557,35.6509485094851,0.2411972939804275,0.9468656063835601,0.0677377894026684,-3.581958165142403,1.6768716793116953,0.4,0.2222222222222222,36.54222222222223,0.32,0.35555555555555557,29.23377777777778,0.23,0.5111111111111111,21.01177777777778,0.112,0.6222222222222222,10.231822222222222,0.36585365853658536,0.3333333333333333,33.422764227642276,0.3200861032100428,9.64162066206303,0.18958650745344338,0.46687203466701693,1.0,0.20799892262471875,6.265335139368263,0.11266069991544798,0.33299163309943536,1.0,-0.11208718058532408,-0.31727174176872286,-0.20367163103238586,-0.019544180996800966,0.008
B,2021,4251,5,0.026551094459790356,0.9008949599623175,0.21440768587453657,-7.376973842742204,1.390549699696942,0.04,0.2,34.008,0.02,0.2,17.004,0.01,0.2,8.502,0.016,0.8,13.603200000000001,0.023255813953488372,0.2,19.772093023255813,0.3846801346801347,0.9964672633066415,0.002423858467509038,-2.5086753392939003,1.3253267241663544,0.12,0.6,102.024,0.1,1.0,85.02000000000001,0.05,1.0,42.510000000000005,0.02,1.0,17.004,0.11627906976744186,1.0,98.86046511627907,0.48087930824503716,0.9950541686292982,0.003317774606866323,-3.0736358418892062,1.215390797004585,0.12,0.6,102.024,0.08,0.8,68.016,0.05,1.0,42.510000000000005,0.02,1.0,17.004,0.09302325581395349,0.8,79.08837209302325,0.3581290402203443,13.488296716457542,0.04497584110065495,0.7623113458988546,1.0,0.4543282137852468,17.111468398159364,0.030335241530317702,0.9418806528391702,1.0,0.09619917356490248,0.2500757509739697,-0.046712385143707465,0.35545848267622465,0.6801210898082745
B,2022,4575,28,0.023173435283540482,0.7337962235697005,0.20294106801908118,-5.028827002273666,0.7165823944948408,0.04,0.03571428571428571,6.535714285714286,0.02,0.03571428571428571,3.267857142857143,0.04,0.14285714285714285,6.535714285714286,0.032,0.2857142857142857,5.228571428571429,0.021739130434782608,0.03571428571428571,3.5520186335403725,0.038589946149425666,0.7867275126457005,0.006154297549737015,-1.5362449144860253,0.4977199890210609,0.12,0.10714285714285714,19.607142857142858,0.06,0.10714285714285714,9.803571428571429,0.04,0.14285714285714285,6.535714285714286,0.032,0.2857142857142857,5.228571428571429,0.06521739130434782,0.10714285714285714,10.656055900621118,0.07711872518213421,0.8287489396462346,0.00603889864751512,-1.105895026808966,0.6299088991038945,0.08,0.07142857142857142,13.071428571428571,0.06,0.10714285714285714,9.803571428571429,0.08,0.2857142857142857,13.071428571428571,0.048,0.42857142857142855,7.842857142857143,0.06521739130434782,0.10714285714285714,10.656055900621118,0.015416510865885184,0.6652665294228151,-0.019064660812455506,0.09965754977623846,0.78,0.05394528989859373,2.327893522843794,-0.004613793967234002,0.14898825672120686,0.9525,0.03852877903270854,0.998414946823707,0.00033116647184936777,0.07454088684365791,0.977
B,2023,4456,61,0.047524340700263165,0.7191331431022584,0.23120145668101727,-4.318192083282755,0.6773107527502856,0.12,0.04918032786885246,8.765901639344262,0.1,0.08196721311475409,7.304918032786886,0.05,0.08196721311475409,3.652459016393443,0.048,0.19672131147540983,3.506360655737705,0.1111111111111111,0.08196721311475409,8.116575591985429,0.16734881793920675,0.8708331002070162,0.013715555038501272,-1.2087981786829076,0.6858893303903161,0.32,0.13114754098360656,23.375737704918034,0.22,0.18032786885245902,16.070819672131147,0.18,0.29508196721311475,13.148852459016393,0.128,0.5245901639344263,9.350295081967214,0.24444444444444444,0.18032786885245902,17.85646630236794,0.2059959460999916,0.8750368339581118,0.01361109268903882,-1.2687387230770015,0.7126622579058091,0.4,0.16393442622950818,29.219672131147544,0.3,0.2459016393442623,21.914754098360657,0.21,0.3442622950819672,15.340327868852459,0.132,0.5409836065573771,9.64249180327869,0.3111111111111111,0.22950819672131148,22.7264116575592,0.11982447723894359,2.5213285544491533,0.042108841053977775,0.22251909901235722,0.9995,0.15847160539972843,3.3345355888093553,0.07498779905033048,0.2571859105503243,1.0,0.03864712816078486,0.2309375628504547,-0.01009010262828043,0.08826214918271744,0.945
B,2024,4225,44,0.06778440910443424,0.7221412885129699,0.23784595395641567,-4.662255748489307,0.7887900953748819,0.08,0.045454545454545456,7.681818181818182,0.08,0.09090909090909091,7.681818181818182,0.06,0.13636363636363635,5.761363636363636,0.048,0.2727272727272727,4.6090909090909085,0.047619047619047616,0.045454545454545456,4.5725108225108215,0.07053188545335091,0.8579287251853623,0.012906401676356141,-1.809159422548048,0.674642702971694,0.12,0.06818181818181818,11.522727272727272,0.1,0.11363636363636363,9.602272727272727,0.1,0.22727272727272727,9.602272727272727,0.076,0.4318181818181818,7.297727272727272,0.11904761904761904,0.11363636363636363,11.431277056277056,0.09278965896057276,0.8816616294492401,0.013545717383708127,-1.843093993344289,0.6995026574714316,0.16,0.09090909090909091,15.363636363636363,0.18,0.20454545454545456,17.284090909090907,0.11,0.25,10.5625,0.096,0.5454545454545454,9.218181818181817,0.16666666666666666,0.1590909090909091,16.003787878787875,0.002747476348916672,0.04053257061935413,-0.07980381626593795,0.06769797453783093,0.5795,0.025005249856138514,0.3688938236167755,-0.052469658358343094,0.10501374704915271,0.816,0.022257773507221842,0.31557037450732706,0.005781488314202446,0.05742971904293438,0.997
A,2013,4980,13,0.009478704633284,0.7931424323612767,0.2101432171450511,-5.90343821357302,0.49174950451668986,0.0,0.0,0.0,0.0,0.0,0.0,0.0,0.0,0.0,0.004,0.07692307692307693,1.5323076923076921,0.0,0.0,0.0,0.021313051003774775,0.849390593300398,0.004811554773229917,-3.0721765458732055,0.9038894534391078,0.0,0.0,0.0,0.02,0.07692307692307693,7.661538461538461,0.03,0.23076923076923078,11.49230769230769,0.02,0.38461538461538464,7.661538461538461,0.02,0.07692307692307693,7.661538461538461,0.02881343353615946,0.8398661938021712,0.006423036452774129,-3.347276434942136,0.8133325994077971,0.04,0.07692307692307693,15.323076923076922,0.06,0.23076923076923078,22.98461538461538,0.03,0.23076923076923078,11.49230769230769,0.024,0.46153846153846156,9.193846153846154,0.06,0.23076923076923078,22.98461538461538,0.011834346370490776,1.248519373515982,0.0009483562633473158,0.042770277232108786,0.984,0.01933472890287546,2.0398070887220734,0.003766150834330633,0.07008589600645476,1.0,0.007500382532384685,0.35191500883924526,-0.0034680571604156735,0.03499701015050626,0.906
A,2014,4989,27,0.01600775536443797,0.713698180243928,0.18850787001379674,-5.0530466459751455,0.4284475419657039,0.0,0.0,0.0,0.02,0.037037037037037035,3.6955555555555555,0.02,0.07407407407407407,3.6955555555555555,0.028,0.25925925925925924,5.173777777777778,0.02,0.037037037037037035,3.6955555555555555,0.038684920037896565,0.7962739038917999,0.006503405840190969,-1.7396681315713869,1.0002417988308892,0.12,0.1111111111111111,22.173333333333332,0.06,0.1111111111111111,11.086666666666666,0.05,0.18518518518518517,9.238888888888889,0.04,0.37037037037037035,7.391111111111111,0.06,0.1111111111111111,11.086666666666666,0.032289289685473684,0.7917879588576888,0.007343910081160619,-2.4590315533058367,0.7492393768375497,0.08,0.07407407407407407,14.782222222222222,0.06,0.1111111111111111,11.086666666666666,0.05,0.18518518518518517,9.238888888888889,0.028,0.25925925925925924,5.173777777777778,0.06,0.1111111111111111,11.086666666666666,0.022677164673458594,1.4166361339977152,-0.0023285536127163327,0.08851610160494845,0.96,0.016281534321035712,1.0171028948384577,0.0023101083517248016,0.055244080229143885,0.989,-0.006395630352422882,-0.16532618772786883,-0.047920845299475046,0.015909377242513192,0.2565
A,2015,4922,25,0.014377300652823296,0.7831897079844804,0.20851298196505094,-5.255284250474983,0.7804086835397872,0.0,0.0,0.0,0.0,0.0,0.0,0.01,0.04,1.9688,0.016,0.16,3.1500800000000004,0.0,0.0,0.0,0.04678929076944454,0.8445742291198693,0.008139563340025753,-2.5848059274016078,0.8706762530420552,0.04,0.04,7.8752,0.1,0.2,19.688000000000002,0.06,0.24,11.812800000000001,0.048,0.48,9.45024,0.10204081632653061,0.2,20.08979591836735,0.035365769829547124,0.8861261997141107,0.009166085266567354,-2.697554632223778,0.812663453987478,0.04,0.04,7.8752,0.02,0.04,3.9376,0.05,0.2,9.844000000000001,0.04,0.4,7.8752,0.02040816326530612,0.04,4.01795918367347,0.03241199011662124,2.25438633435383,0.007077125107604058,0.08063265482059741,0.995,0.020988469176723826,1.459833781287886,0.00783769131864701,0.05088958708728179,1.0,-0.011423520939897416,-0.24414819613716984,-0.042467723794623255,0.010123822919981222,0.164
A,2016,4488,37,0.05531438572809132,0.7972031793644914,0.22170327727489683,-4.978849310375539,0.9659481229499719,0.2,0.13513513513513514,24.259459459459464,0.12,0.16216216216216217,14.555675675675676,0.07,0.1891891891891892,8.490810810810812,0.048,0.32432432432432434,5.822270270270271,0.13333333333333333,0.16216216216216217,16.172972972972975,0.12221823202857984,0.9166479442821838,0.037934539605841484,-2.4948226620506446,1.873660007268141,0.2,0.13513513513513514,24.259459459459464,0.2,0.2702702702702703,24.259459459459464,0.15,0.40540540540540543,18.194594594594594,0.096,0.6486486486486487,11.644540540540541,0.2222222222222222,0.2702702702702703,26.954954954954957,0.13606567496968888,0.8867488022734036,0.008343745502292024,-1.0779227868412617,0.7933038297176963,0.28,0.1891891891891892,33.96324324324325,0.2,0.2702702702702703,24.259459459459464,0.16,0.43243243243243246,19.40756756756757,0.088,0.5945945945945946,10.674162162162162,0.2222222222222222,0.2702702702702703,26.954954954954957,0.06690384630048853,1.2095198277961083,0.010203299444845385,0.13415765047729067,0.9885,0.08075128924159757,1.4598605440282086,0.02848164929502973,0.16655783034859398,0.9985,0.01384744294110904,0.1133009593680828,-0.02165612056837476,0.07002436401255488,0.7845
A,2017,4439,21,0.01052984402015707,0.7143611632067947,0.2125349959003296,-5.2588574694352666,0.5309298896784886,0.0,0.0,0.0,0.0,0.0,0.0,0.01,0.047619047619047616,2.113809523809524,0.012,0.14285714285714285,2.536571428571429,0.0,0.0,0.0,0.027777039824547503,0.8684601953049215,0.14887228331849492,-4.667137490580011,2.2849925832898643,0.0,0.0,0.0,0.02,0.047619047619047616,4.227619047619048,0.03,0.14285714285714285,6.341428571428572,0.036,0.42857142857142855,7.609714285714285,0.022727272727272728,0.047619047619047616,4.804112554112555,0.05236709716288131,0.8595895578693225,0.05151088444607268,-4.065924259199217,1.0590287560504672,0.12,0.14285714285714285,25.365714285714287,0.06,0.14285714285714285,12.682857142857143,0.06,0.2857142857142857,12.682857142857143,0.032,0.38095238095238093,6.7641904761904765,0.06818181818181818,0.14285714285714285,14.412337662337663,0.017247195804390433,1.637934595362901,0.006506825292169333,0.03666023053051708,1.0,0.04183725314272424,3.973207301327163,0.013170284467629413,0.13351306254644715,1.0,0.024590057338333804,0.8852655824254803,-0.0003774293319650199,0.10612379722745667,0.973
A,2018,4297,21,0.024755113896661,0.8511180898926456,0.21254359657913408,-5.462313693049418,0.9818411890973595,0.0,0.0,0.0,0.04,0.09523809523809523,8.184761904761906,0.02,0.09523809523809523,4.092380952380953,0.032,0.38095238095238093,6.547809523809525,0.0,0.0,0.0,0.06743414765300604,0.9008753173860751,0.00932491424168122,-2.390070552350046,0.9770771825894717,0.04,0.047619047619047616,8.184761904761906,0.06,0.14285714285714285,12.277142857142858,0.09,0.42857142857142855,18.415714285714287,0.056,0.6666666666666666,11.458666666666668,0.06976744186046512,0.14285714285714285,14.275747508305649,0.10977466209475914,0.917089848100138,0.042880199907643864,-3.7032890225729074,1.4625254737608748,0.2,0.23809523809523808,40.92380952380953,0.12,0.2857142857142857,24.554285714285715,0.09,0.42857142857142855,18.415714285714287,0.048,0.5714285714285714,9.821714285714286,0.13953488372093023,0.2857142857142857,28.551495016611298,0.04267903375634503,1.724049177657051,0.005766215376340059,0.10416443461735392,0.988,0.08501954819809814,3.434423632749501,0.02361331508635499,0.23150907990616718,0.9995,0.0423405144417531,0.6278794337198933,-0.007029404856565296,0.16200013775588368,0.948
A,2019,4185,33,0.08897577982020079,0.76235622117125,0.2026814777829097,-4.884600301919159,0.9460621461501169,0.16,0.12121212121212122,20.29090909090909,0.12,0.18181818181818182,15.218181818181815,0.07,0.21212121212121213,8.877272727272727,0.048,0.36363636363636365,6.087272727272727,0.11904761904761904,0.15151515151515152,15.097402597402596,0.1378103648865836,0.9087624802942722,0.007976041933573508,-0.8503414118742488,0.8098727336280809,0.12,0.09090909090909091,15.218181818181815,0.16,0.24242424242424243,20.29090909090909,0.12,0.36363636363636365,15.218181818181815,0.088,0.6666666666666666,11.159999999999998,0.14285714285714285,0.18181818181818182,18.116883116883113,0.21955378378149712,0.9077698954866585,0.007122783180352084,-0.7632875461036214,0.8616053181822091,0.32,0.24242424242424243,40.58181818181818,0.28,0.42424242424242425,35.50909090909091,0.14,0.42424242424242425,17.754545454545454,0.084,0.6363636363636364,10.652727272727272,0.2619047619047619,0.3333333333333333,33.214285714285715,0.048834585066382816,0.5488525660024118,-0.07067137962743714,0.17523781351502576,0.7805,0.13057800396129632,1.467567963159906,0.03275367530610923,0.2782293757549832,0.9965,0.08174341889491352,0.5931587146016734,0.008974059303348115,0.20260864974733037,0.99
A,2020,4069,37,0.031831960611572674,0.8100265444015444,0.21541302636644752,-4.785778587266378,0.9602887439849866,0.0,0.0,0.0,0.02,0.02702702702702703,2.1994594594594594,0.03,0.08108108108108109,3.299189189189189,0.044,0.2972972972972973,4.83881081081081,0.024390243902439025,0.02702702702702703,2.682267633487146,0.23822719189020009,0.9386730480480481,0.14861537361150912,-4.224507341580963,3.1796844237404107,0.32,0.21621621621621623,35.19135135135135,0.16,0.21621621621621623,17.595675675675675,0.17,0.4594594594594595,18.695405405405406,0.104,0.7027027027027027,11.437189189189189,0.1951219512195122,0.21621621621621623,21.458141067897166,0.2265559638611499,0.9504973723723724,0.05526668904475164,-3.5221371867165656,1.570098427417345,0.32,0.21621621621621623,35.19135135135135,0.32,0.43243243243243246,35.19135135135135,0.19,0.5135135135135135,20.894864864864864,0.096,0.6486486486486487,10.557405405405405,0.3170731707317073,0.35135135135135137,34.869479235332896,0.2063952312786274,6.483899430423125,0.09285607859570572,0.3506375840672732,1.0,0.19472400324957723,6.117248184165707,0.09932456205680462,0.33448782524258647,1.0,-0.011671228029050185,-0.048992006061295904,-0.12449018002386598,0.1004509038463293,0.4565
A,2021,4205,4,0.03381593349820256,0.8919304927398238,0.20603693613124036,-7.573906570968839,1.3345911151571714,0.04,0.25,42.050000000000004,0.02,0.25,21.025000000000002,0.02,0.5,21.025000000000002,0.012,0.75,12.615,0.023809523809523808,0.25,25.029761904761905,0.32844932844932845,0.9938705070221376,0.009174680561134218,-4.347722658958345,1.5964894769719544,0.08,0.5,84.10000000000001,0.06,0.75,63.074999999999996,0.04,1.0,42.050000000000004,0.016,1.0,16.82,0.07142857142857142,0.75,75.08928571428571,0.546590909090909,0.9943465841466318,0.0031136959178288586,-3.261859224562967,1.3002919502320318,0.12,0.75,126.14999999999999,0.06,0.75,63.074999999999996,0.04,1.0,42.050000000000004,0.016,1.0,16.82,0.07142857142857142,0.75,75.08928571428571,0.2946333949511259,8.71285706091144,-0.015353938133064354,0.9849258510279744,0.9531893004115226,0.5127749755927065,15.163709013680261,0.02427901559813653,0.9849258510279744,1.0,0.21814158064158057,0.6641559648529907,-0.00462962962962965,0.8333333333333334,0.8261316872427984
A,2022,4525,19,0.01286471545120502,0.7107365617772794,0.1971159927153554,-5.331666307094041,0.5428197569075994,0.0,0.0,0.0,0.0,0.0,0.0,0.02,0.10526315789473684,4.7631578947368425,0.02,0.2631578947368421,4.7631578947368425,0.0,0.0,0.0,0.05562969270327217,0.8452472726423249,0.004194150760774107,-0.8958568209005975,0.7181746837433093,0.12,0.15789473684210525,28.57894736842105,0.06,0.15789473684210525,14.289473684210526,0.05,0.2631578947368421,11.907894736842106,0.032,0.42105263157894735,7.621052631578948,0.06666666666666667,0.15789473684210525,15.87719298245614,0.09250953610789524,0.8441960427032962,0.004135289903479768,-1.083941039202797,0.6945272125176118,0.08,0.10526315789473684,19.05263157894737,0.06,0.15789473684210525,14.289473684210526,0.05,0.2631578947368421,11.907894736842106,0.04,0.5263157894736842,9.526315789473685,0.06666666666666667,0.15789473684210525,15.87719298245614,0.042764977252067155,3.324207007474963,0.00021343163236858223,0.17866383440847616,0.9755,0.07964482065669022,6.190950818832919,0.006204434371967358,0.2175229493266299,0.9975,0.03687984340462307,0.6629524919603551,-0.03782034532149711,0.09736483696001233,0.7735
A,2023,4415,48,0.034383087373214244,0.6869227539882452,0.22814661969145536,-4.480551974619925,0.5397496075903258,0.08,0.041666666666666664,7.358333333333334,0.06,0.0625,5.51875,0.03,0.0625,2.759375,0.048,0.25,4.415,0.06818181818181818,0.0625,6.271306818181818,0.15372267472311957,0.8556073963819556,0.010250527097723965,-0.9069093177503831,0.801032346433064,0.32,0.16666666666666666,29.433333333333337,0.2,0.20833333333333334,18.395833333333336,0.15,0.3125,13.796875,0.092,0.4791666666666667,8.462083333333334,0.22727272727272727,0.20833333333333334,20.904356060606062,0.1569250877409806,0.8596672009770246,0.01079767070838023,-1.2349160801542494,0.7048739085354445,0.24,0.125,22.075,0.22,0.22916666666666666,20.23541666666667,0.16,0.3333333333333333,14.716666666666669,0.096,0.5,8.83,0.18181818181818182,0.16666666666666666,16.72348484848485,0.11933958734990532,3.4708804958241033,0.03276918612450272,0.22680460255757717,0.9985,0.12254200036776636,3.5640196890297675,0.0509125647813661,0.22129666584697302,1.0,0.0032024130178610333,0.02083240500224914,-0.055511814368959266,0.05928888104457537,0.5445
A,2024,4199,32,0.049297695869666765,0.7058660307175426,0.23784694159862044,-4.9208229322003865,0.6922648286942227,0.04,0.03125,5.24875,0.04,0.0625,5.24875,0.04,0.125,5.24875,0.024,0.1875,3.1492500000000003,0.023809523809523808,0.03125,3.124255952380952,0.0648624594389462,0.8866765658747301,0.014193693775523228,-2.4247840214926986,0.6090089020338206,0.04,0.03125,5.24875,0.1,0.15625,13.121875000000001,0.09,0.28125,11.8096875,0.06,0.46875,7.873125,0.11904761904761904,0.15625,15.621279761904761,0.07734837846097847,0.9007979361651068,0.009755930555611973,-1.7644645793450664,0.7233727306947888,0.08,0.0625,10.4975,0.08,0.125,10.4975,0.11,0.34375,14.434062500000001,0.076,0.59375,9.972625,0.07142857142857142,0.09375,9.372767857142858,0.015564763569279431,0.31573004163175394,-0.07078025089529612,0.09173216841895998,0.7115,0.02805068259131171,0.569005956494845,-0.0411423484177114,0.10160157690538112,0.8345,0.012485919022032277,0.19249839013250855,-0.0144144289972117,0.04957114178016194,0.8455
DUP,2013,5048,16,0.014680680034128358,0.8315654809220986,0.21623210382014993,-5.811596751137109,0.6592775174143221,0.0,0.0,0.0,0.0,0.0,0.0,0.0,0.0,0.0,0.02,0.3125,6.31,0.0,0.0,0.0,0.024469442599455854,0.8719942368839428,0.005798180470437703,-2.7189478066429182,1.008490915937228,0.0,0.0,0.0,0.02,0.0625,6.31,0.03,0.1875,9.465,0.032,0.5,10.096,0.02,0.0625,6.31,0.04421321897326901,0.890923092209857,0.007047355510529322,-2.8771642837853415,0.9773679824771209,0.08,0.125,25.24,0.08,0.25,25.24,0.04,0.25,12.62,0.032,0.5,10.096,0.08,0.25,25.24,0.009788762565327496,0.6667785513049422,-0.0021148614598937195,0.032322894208712816,0.9465,0.029532538939140655,2.011660145884659,0.005547155716416571,0.10408669730503747,0.998,0.01974377637381316,0.8068747906113815,-0.0013621619883154583,0.08756743462937089,0.9645
DUP,2014,5060,32,0.014553308141698577,0.6817385143198091,0.19695708458366215,-4.912765721599566,0.4205945704829046,0.0,0.0,0.0,0.02,0.03125,3.1625,0.02,0.0625,3.1625,0.024,0.1875,3.795,0.0196078431372549,0.03125,3.1004901960784315,0.04798910802097662,0.8124129872712809,0.007537238782228872,-1.408120609462197,1.1042888692532689,0.12,0.09375,18.974999999999998,0.06,0.09375,9.487499999999999,0.07,0.21875,11.068750000000001,0.048,0.375,7.59,0.058823529411764705,0.09375,9.301470588235293,0.03131452267982444,0.7969433671439936,0.00854639150323485,-2.2709389416945247,0.7960513136894274,0.0,0.0,0.0,0.04,0.0625,6.325,0.05,0.15625,7.906250000000001,0.04,0.3125,6.325,0.0392156862745098,0.0625,6.200980392156863,0.03343579987927804,2.297470757420217,0.005504127560164617,0.09673632423820434,0.9945,0.01676121453812586,1.151711650363612,0.005118154248054311,0.03993745876565018,0.9985,-0.01667458534115218,-0.3474660402911327,-0.06678184464573288,0.0049531096206989955,0.0675
DUP,2015,4990,36,0.017011524582936272,0.74808796483201,0.21932399475773506,-4.907684031707574,0.7674695208284962,0.0,0.0,0.0,0.0,0.0,0.0,0.01,0.027777777777777776,1.386111111111111,0.024,0.16666666666666666,3.3266666666666667,0.0,0.0,0.0,0.05425586463478849,0.8194893015744853,0.010711658324336532,-2.300488190367826,0.8851584716492678,0.04,0.027777777777777776,5.544444444444444,0.14,0.19444444444444445,19.40555555555556,0.09,0.25,12.475,0.06,0.4166666666666667,8.316666666666666,0.14,0.19444444444444445,19.40555555555556,0.04686151627619021,0.8561712196653658,0.008525390251389531,-1.8897888991681295,0.6303894057209599,0.0,0.0,0.0,0.04,0.05555555555555555,5.544444444444444,0.06,0.16666666666666666,8.316666666666666,0.056,0.3888888888888889,7.762222222222222,0.04,0.05555555555555555,5.544444444444444,0.03724434005185222,2.189359329334353,0.010896586554850304,0.08873577374243725,0.9985,0.029849991693253936,1.7546923291752186,0.013023113590841231,0.06413858979376322,0.9995,-0.007394348358598278,-0.13628661912166953,-0.031256833188193674,0.006354997328005423,0.1585
DUP,2016,4549,44,0.06013384745911085,0.7831550802139038,0.230683799585043,-4.866451755845344,1.0585695228384588,0.16,0.09090909090909091,16.541818181818183,0.16,0.18181818181818182,16.541818181818183,0.1,0.22727272727272727,10.338636363636365,0.056,0.3181818181818182,5.7896363636363635,0.17777777777777778,0.18181818181818182,18.37979797979798,0.13498176122728464,0.9019826455453537,0.013409270895987632,-1.76850169372538,1.1135856716846422,0.2,0.11363636363636363,20.67727272727273,0.2,0.22727272727272727,20.67727272727273,0.19,0.4318181818181818,19.643409090909092,0.112,0.6363636363636364,11.579272727272727,0.2,0.20454545454545456,20.67727272727273,0.1510009152922867,0.8782262132983554,0.00985111356912416,-1.295898591697308,0.7483838489144992,0.32,0.18181818181818182,33.083636363636366,0.26,0.29545454545454547,26.880454545454548,0.16,0.36363636363636365,16.541818181818183,0.096,0.5454545454545454,9.925090909090908,0.24444444444444444,0.25,25.272222222222222,0.07484791376817379,1.2446885893850057,0.022978073702109726,0.1392450386743619,0.9945,0.09086706783317586,1.5110802264059795,0.0398849462985489,0.17165175852646458,0.9995,0.016019154065002067,0.11867643390745759,-0.014180122412513416,0.06776575288869874,0.8335
DUP,2017,4492,27,0.01449112545602026,0.6960557421923602,0.2214490531537665,-5.056965423789193,0.5853654520568857,0.0,0.0,0.0,0.0,0.0,0.0,0.03,0.1111111111111111,4.991111111111111,0.024,0.2222222222222222,3.992888888888889,0.0,0.0,0.0,0.03597394850825635,0.8605035046244452,0.1596209387586319,-4.551051174061197,2.3581883379889326,0.04,0.037037037037037035,6.654814814814815,0.04,0.07407407407407407,6.654814814814815,0.04,0.14814814814814814,6.654814814814815,0.032,0.2962962962962963,5.3238518518518525,0.044444444444444446,0.07407407407407407,7.394238683127573,0.0794114935450201,0.8510472398490315,0.0591642233082015,-3.9503125576317366,1.0837761073705947,0.16,0.14814814814814814,26.61925925925926,0.08,0.14814814814814814,13.30962962962963,0.07,0.25925925925925924,11.645925925925928,0.04,0.37037037037037035,6.654814814814815,0.08888888888888889,0.14814814814814814,14.788477366255146,0.021482823052236092,1.4824813377977601,0.00820866991139451,0.05897992006118578,1.0,0.06492036808899984,4.4800086981531875,0.019887879495727866,0.19042862546863512,1.0,0.043437545036763746,1.2074722636241733,0.004000286684851982,0.1434498952789283,0.988
DUP,2018,4350,25,0.031183859315231287,0.8366057803468208,0.2211945338858359,-5.403164834021721,1.193297671729194,0.04,0.04,6.96,0.04,0.08,6.96,0.05,0.2,8.700000000000001,0.036,0.36,6.263999999999999,0.022727272727272728,0.04,3.9545454545454546,0.12960831980025272,0.899764161849711,0.005814427996359947,-0.7522943166382882,0.9841682780739129,0.16,0.16,27.84,0.2,0.4,34.800000000000004,0.13,0.52,22.62,0.068,0.68,11.832,0.20454545454545456,0.36,35.59090909090909,0.15263035228581484,0.9287583815028901,0.005670317304403493,-0.7130565150313142,0.9941979018046518,0.16,0.16,27.84,0.2,0.4,34.800000000000004,0.15,0.6,26.099999999999998,0.068,0.68,11.832,0.20454545454545456,0.36,35.59090909090909,0.09842446048502143,3.1562629721378803,0.0329360142114253,0.21642733801480907,0.999,0.12144649297058355,3.8945305564300323,0.04543901456764895,0.26235428165289326,1.0,0.023022032485562116,0.1776277365607607,-0.009992065146133457,0.08275714523697529,0.925
DUP,2019,4240,45,0.09001829702219105,0.7539292808899485,0.21121588070087768,-4.625563213188012,0.9780231379735772,0.16,0.08888888888888889,15.075555555555557,0.14,0.15555555555555556,13.191111111111113,0.08,0.17777777777777778,7.537777777777778,0.06,0.3333333333333333,5.653333333333333,0.11904761904761904,0.1111111111111111,11.216931216931217,0.15464374161164965,0.8738921997086478,0.010192454446958155,-0.7819418853259228,0.8231663352281362,0.2,0.1111111111111111,18.844444444444445,0.2,0.2222222222222222,18.844444444444445,0.16,0.35555555555555557,15.075555555555557,0.096,0.5333333333333333,9.045333333333334,0.21428571428571427,0.2,20.19047619047619,0.2386801605875898,0.8474480201297842,0.0480434891468943,-3.0798802855001526,1.261031926418615,0.36,0.2,33.92,0.26,0.28888888888888886,24.49777777777778,0.19,0.4222222222222222,17.902222222222225,0.1,0.5555555555555556,9.422222222222222,0.2857142857142857,0.26666666666666666,26.92063492063492,0.0646254445894586,0.717914543234775,-0.04492801323360787,0.17490650134876587,0.882,0.14866186356539876,1.6514627412774878,0.05776700165303901,0.24449974921527937,1.0,0.08403641897594016,0.5434194626962486,-0.0063593138596519175,0.18255541645661325,0.963
DUP,2020,4111,45,0.033200725064390216,0.7971197464065147,0.2232814839803218,-4.6061026749333145,0.9143312591951763,0.0,0.0,0.0,0.02,0.022222222222222223,1.8271111111111114,0.05,0.1111111111111111,4.567777777777779,0.032,0.17777777777777778,2.923377777777778,0.024390243902439025,0.022222222222222223,2.2281842818428186,0.37242245587028827,0.9352243537191889,0.00967550458441826,-1.0855058397067288,0.9724472741239544,0.48,0.26666666666666666,43.85066666666667,0.4,0.4444444444444444,36.54222222222223,0.28,0.6222222222222222,25.579555555555558,0.124,0.6888888888888889,11.328088888888889,0.3902439024390244,0.35555555555555557,35.6509485094851,0.2405589515091592,0.9468328141225337,0.06758634626996832,-3.5748356173940823,1.6801069766676042,0.4,0.2222222222222222,36.54222222222223,0.34,0.37777777777777777,31.060888888888893,0.23,0.5111111111111111,21.01177777777778,0.112,0.6222222222222222,10.231822222222222,0.36585365853658536,0.3333333333333333,33.422764227642276,0.33922173080589807,10.217298873684355,0.20827349990099764,0.48592719051489497,1.0,0.20735822644476898,6.2455933128753625,0.11256472077947703,0.33187522169948885,1.0,-0.13186350436112906,-0.35406969231483737,-0.22095458268355805,-0.04260048448224247,0.002
DUP,2021,4251,5,0.026586985071107745,0.9008949599623175,0.2143885278786421,-7.376973392887455,1.3910549759906852,0.04,0.2,34.008,0.02,0.2,17.004,0.01,0.2,8.502,0.016,0.8,13.603200000000001,0.023255813953488372,0.2,19.772093023255813,0.37036084482892995,0.9954309938765897,0.00282891412679806,-2.711366358023057,1.2867424604969702,0.12,0.6,102.024,0.1,1.0,85.02000000000001,0.05,1.0,42.510000000000005,0.02,1.0,17.004,0.09302325581395349,0.8,79.08837209302325,0.4772058823529412,0.9951012717852096,0.00310638904155234,-2.9788541996893296,1.2339503880704694,0.12,0.6,102.024,0.08,0.8,68.016,0.05,1.0,42.510000000000005,0.02,1.0,17.004,0.09302325581395349,0.8,79.08837209302325,0.3437738597578222,12.930155820164941,0.030940660612535618,0.7579960718555575,1.0,0.45061889728183346,16.948852834446583,0.03236251631509532,0.9419747899159662,1.0,0.10684503752401125,0.2884890209529657,-0.015952060931899666,0.35630726107057237,0.8123107971745711
DUP,2022,4575,28,0.0231795133998938,0.7337962235697005,0.20294248393562977,-5.028865421398258,0.7168377097150371,0.04,0.03571428571428571,6.535714285714286,0.02,0.03571428571428571,3.267857142857143,0.04,0.14285714285714285,6.535714285714286,0.032,0.2857142857142857,5.228571428571429,0.021739130434782608,0.03571428571428571,3.5520186335403725,0.04520224329916627,0.7747258789154545,0.0060851514956482885,-1.2979490135669745,0.5826348066072152,0.12,0.10714285714285714,19.607142857142858,0.08,0.14285714285714285,13.071428571428571,0.05,0.17857142857142858,8.169642857142858,0.032,0.2857142857142857,5.228571428571429,0.08695652173913043,0.14285714285714285,14.20807453416149,0.07473376918542733,0.8271152094002325,0.006049697479507745,-1.1628507613990515,0.6093301098231443,0.08,0.07142857142857142,13.071428571428571,0.06,0.10714285714285714,9.803571428571429,0.08,0.2857142857142857,13.071428571428571,0.044,0.39285714285714285,7.189285714285714,0.043478260869565216,0.07142857142857142,7.104037267080745,0.02202272989927247,0.9500945735717372,-0.01696968210524076,0.11705618829187237,0.8365,0.051554255785533534,2.2241302004972088,-0.006767603309322509,0.14556463712429682,0.942,0.02953152588626106,0.6533199180140192,-0.024981011570876472,0.06631109503105365,0.841
DUP,2023,4456,61,0.0475312456605753,0.719148063186557,0.23120392190297634,-4.318205400898008,0.6773686017992436,0.12,0.04918032786885246,8.765901639344262,0.1,0.08196721311475409,7.304918032786886,0.05,0.08196721311475409,3.652459016393443,0.048,0.19672131147540983,3.506360655737705,0.1111111111111111,0.08196721311475409,8.116575591985429,0.18445308612766878,0.8711053917454634,0.01366577560455481,-1.1880328586115085,0.7336471567587877,0.32,0.13114754098360656,23.375737704918034,0.22,0.18032786885245902,16.070819672131147,0.19,0.3114754098360656,13.879344262295083,0.132,0.5409836065573771,9.64249180327869,0.24444444444444444,0.18032786885245902,17.85646630236794,0.1995716660966134,0.8709077006285086,0.01333679064015851,-1.2004451018731868,0.7247284439865034,0.4,0.16393442622950818,29.219672131147544,0.28,0.22950819672131148,20.453770491803283,0.21,0.3442622950819672,15.340327868852459,0.124,0.5081967213114754,9.058098360655737,0.3111111111111111,0.22950819672131148,22.7264116575592,0.1369218404670935,2.8806701479036354,0.05001099598875596,0.24381468201578288,1.0,0.1520404204360381,3.19874681008303,0.0706973985902807,0.2512066593188694,1.0,0.015118579968944612,0.08196436441556917,-0.034890712280956124,0.06475509195040108,0.7385
DUP,2024,4225,44,0.06778647099309325,0.7221195451283946,0.2378676605571012,-4.662342447122909,0.7889315689420571,0.08,0.045454545454545456,7.681818181818182,0.08,0.09090909090909091,7.681818181818182,0.06,0.13636363636363635,5.761363636363636,0.048,0.2727272727272727,4.6090909090909085,0.047619047619047616,0.045454545454545456,4.5725108225108215,0.07226266399671198,0.865087734556761,0.01700174780191913,-2.2633881139875762,0.5444918098438175,0.08,0.045454545454545456,7.681818181818182,0.12,0.13636363636363635,11.522727272727272,0.11,0.25,10.5625,0.072,0.4090909090909091,6.913636363636362,0.11904761904761904,0.11363636363636363,11.431277056277056,0.09329849390896684,0.8807375356047922,0.01335863176747987,-1.8118324080406394,0.7022599827915226,0.2,0.11363636363636363,19.204545454545453,0.14,0.1590909090909091,13.443181818181818,0.11,0.25,10.5625,0.088,0.5,8.45,0.14285714285714285,0.13636363636363635,13.717532467532466,0.004476193003618734,0.0660337223348714,-0.0811370264882311,0.0715689839015297,0.598,0.025512022915873594,0.37635862351460975,-0.05156921601502775,0.10466064564937674,0.8205,0.02103582991225486,0.29110233070305863,-0.004760870818163521,0.06405963605495837,0.944
